"item","name","coord","lat","lon","Wikidata.ID"
"http://www.wikidata.org/entity/Q315175","Q315175","Point(12.36783611 51.33340583)",51.33340583,12.36783611,"Q315175"
"http://www.wikidata.org/entity/Q1451975","Q1451975","Point(9.09919 48.74189)",48.74189,9.09919,"Q1451975"
"http://www.wikidata.org/entity/Q438787","Q438787","Point(7.84656 48.0009)",48.0009,7.84656,"Q438787"
"http://www.wikidata.org/entity/Q1315154","Q1315154","Point(7.84506 48.0275)",48.0275,7.84506,"Q1315154"
"http://www.wikidata.org/entity/Q1451990","Q1451990","Point(9.09692 48.7406)",48.7406,9.09692,"Q1451990"
"http://www.wikidata.org/entity/Q1451988","Q1451988","Point(9.0981035 48.74104)",48.74104,9.0981035,"Q1451988"
"http://www.wikidata.org/entity/Q1452001","Q1452001","Point(8.520277777 49.017222222)",49.017222222222,8.5202777777778,"Q1452001"
"http://www.wikidata.org/entity/Q1452007","Q1452007","Point(9.09951 48.7417)",48.7417,9.09951,"Q1452007"
"http://www.wikidata.org/entity/Q1432182","Q1432182","Point(8.42601 49.0145)",49.0145,8.42601,"Q1432182"
"http://www.wikidata.org/entity/Q1452023","Q1452023","Point(9.09691 48.741)",48.741,9.09691,"Q1452023"
"http://www.wikidata.org/entity/Q1118809","Q1118809","Point(7.83062 48.01784)",48.01784,7.83062,"Q1118809"
"http://www.wikidata.org/entity/Q1452037","Q1452037","Point(7.83468 48.009)",48.009,7.83468,"Q1452037"
"http://www.wikidata.org/entity/Q1439718","Q1439718","Point(8.44153 49.0278)",49.0278,8.44153,"Q1439718"
"http://www.wikidata.org/entity/Q33121946","Q33121946","Point(8.399226 49.005856)",49.005856,8.399226,"Q33121946"
"http://www.wikidata.org/entity/Q449325","Q449325","Point(8.6725 49.41416667)",49.41416667,8.6725,"Q449325"
"http://www.wikidata.org/entity/Q1485220","Q1485220","Point(8.46294 49.485686)",49.485686,8.46294,"Q1485220"
"http://www.wikidata.org/entity/Q1664834","Q1664834","Point(8.471988888 49.488233333)",49.488233333333,8.4719888888889,"Q1664834"
"http://www.wikidata.org/entity/Q1813768","Q1813768","Point(9.04930556 48.50847222)",48.524439,9.054848,"Q1813768"
"http://www.wikidata.org/entity/Q835416","Q835416","Point(7.861247 47.998451)",47.998451,7.861247,"Q835416"
"http://www.wikidata.org/entity/Q656142","Institut de Recerca Matemàtica d'Oberwolfach","Point(8.235277777 48.345555555)",48.345555555556,8.2352777777778,"Q656142"
"http://www.wikidata.org/entity/Q191206","Q191206","Point(8.465832 49.481949)",49.481949,8.465832,"Q191206"
"http://www.wikidata.org/entity/Q1912116","Institut Max-Planck de recerca sobre el be comú","Point(7.126389 50.716667)",50.716667,7.126389,"Q1912116"
"http://www.wikidata.org/entity/Q1912065","Q1912065","Point(9.057474 48.53667)",48.5369,9.05806,"Q1912065"
"http://www.wikidata.org/entity/Q835529","Q835529","Point(9.080833 48.746667)",48.746667,9.080833,"Q835529"
"http://www.wikidata.org/entity/Q1912076","Q1912076","Point(7.851667 48.025)",48.025115,7.851963,"Q1912076"
"http://www.wikidata.org/entity/Q1287942","Q1287942","Point(9.08139 48.7467)",48.7467,9.08139,"Q1287942"
"http://www.wikidata.org/entity/Q1912104","Q1912104","Point(9.05847 48.5367)",48.5367,9.05847,"Q1912104"
"http://www.wikidata.org/entity/Q316653","Q316653","Point(8.70917 49.3878)",49.3878,8.70917,"Q316653"
"http://www.wikidata.org/entity/Q209610","Institut Max Planck d'astronomia","Point(8.72306 49.3964)",49.3964,8.72306,"Q209610"
"http://www.wikidata.org/entity/Q324178","Q324178","Point(8.67542 49.412276)",49.412276,8.67542,"Q324178"
"http://www.wikidata.org/entity/Q1457829","Q1457829","Point(9.05806 48.5369)",48.5369,9.05806,"Q1457829"
"http://www.wikidata.org/entity/Q1733921","Q1733921","Point(8.39444056 49.00655028)",49.00655028,8.39444056,"Q1733921"
"http://www.wikidata.org/entity/Q2324294","Q2324294","Point(9.174288888 48.80015)",48.80015,9.1742888888889,"Q2324294"
"http://www.wikidata.org/entity/Q414258","Q414258","Point(9.19111 48.894)",48.894,9.19111,"Q414258"
"http://www.wikidata.org/entity/Q30263681","Q30263681","Point(9.18182 48.7926)",48.7926,9.18182,"Q30263681"
"http://www.wikidata.org/entity/Q1001338","Q1001338","Point(7.67724 47.61733)",47.61733,7.67724,"Q1001338"
"http://www.wikidata.org/entity/Q1262612","Q1262612","Point(9.17083 48.7736)",48.7736,9.17083,"Q1262612"
"http://www.wikidata.org/entity/Q1262605","Q1262605","Point(9.17622 48.7823)",48.7823,9.17622,"Q1262605"
"http://www.wikidata.org/entity/Q880440","Q880440","Point(7.80388889 47.9975)",47.9975,7.80388889,"Q880440"
"http://www.wikidata.org/entity/Q1391225","Q1391225","Point(8.57237 49.38351)",49.38351,8.57237,"Q1391225"
"http://www.wikidata.org/entity/Q880577","Q880577","Point(9.19083 48.8936)",48.8936,9.19083,"Q880577"
"http://www.wikidata.org/entity/Q1453964","Q1453964","Point(9.19228 48.7822)",48.7822,9.19228,"Q1453964"
"http://www.wikidata.org/entity/Q1513916","Q1513916","Point(9.218452 49.147159)",49.147159,9.218452,"Q1513916"
"http://www.wikidata.org/entity/Q1622148","Q1622148","Point(8.51527 49.4765)",49.4765,8.51527,"Q1622148"
"http://www.wikidata.org/entity/Q1233544","Q1233544","Point(9.1012 48.7408)",48.7408,9.1012,"Q1233544"
"http://www.wikidata.org/entity/Q1622159","Q1622159","Point(8.48458 49.4691)",49.4691,8.48458,"Q1622159"
"http://www.wikidata.org/entity/Q896116","Q896116","Point(8.383888888 49.001666666)",49.001666666667,8.3838888888889,"Q896116"
"http://www.wikidata.org/entity/Q28738614","Q28738614","Point(8.68213 49.40221)",49.40221,8.68213,"Q28738614"
"http://www.wikidata.org/entity/Q448324","Q448324","Point(8.427256 49.004556)",49.004556,8.427256,"Q448324"
"http://www.wikidata.org/entity/Q1622214","Q1622214","Point(8.51417 48.065)",48.065,8.51417,"Q1622214"
"http://www.wikidata.org/entity/Q1540704","Universitat Tecnològica de Suttgart","Point(9.17278 48.7803)",48.7803,9.17278,"Q1540704"
"http://www.wikidata.org/entity/Q1622229","Q1622229","Point(9.3375 48.6272)",48.6272,9.3375,"Q1622229"
"http://www.wikidata.org/entity/Q50038623","Q50038623","Point(8.48611 49.469489)",49.469489,8.48611,"Q50038623"
"http://www.wikidata.org/entity/Q568692","Escola superior de Música i Arts dramàtiques de Stuttgart","Point(9.185833 48.778611)",48.778611,9.185833,"Q568692"
"http://www.wikidata.org/entity/Q1622079","Q1622079","Point(9.78833 48.0937)",48.0937,9.78833,"Q1622079"
"http://www.wikidata.org/entity/Q2207707","Q2207707","Point(8.65138889 49.41388889)",49.41388889,8.65138889,"Q2207707"
"http://www.wikidata.org/entity/Q1622071","Q1622071","Point(10.0736 48.8381)",48.8381,10.0736,"Q1622071"
"http://www.wikidata.org/entity/Q1622101","Q1622101","Point(9.65609 48.69711)",48.7381,9.31103,"Q1622101"
"http://www.wikidata.org/entity/Q529572","Q529572","Point(8.20756 48.0512)",48.0512,8.20756,"Q529572"
"http://www.wikidata.org/entity/Q327693","Q327693","Point(9.21111111 49.12194444)",49.12194444,9.21111111,"Q327693"
"http://www.wikidata.org/entity/Q761708","Universitat de Ciències Aplicades de Karlsruhe","Point(8.39083 49.0156)",49.0156,8.39083,"Q761708"
"http://www.wikidata.org/entity/Q1622113","Q1622113","Point(7.8175 48.5747)",48.5747,7.8175,"Q1622113"
"http://www.wikidata.org/entity/Q1604537","Q1604537","Point(9.17997 48.9084)",48.9084,9.17997,"Q1604537"
"http://www.wikidata.org/entity/Q1622133","Q1622133","Point(7.94278 48.4589)",48.4589,7.94278,"Q1622133"
"http://www.wikidata.org/entity/Q884358","Q884358","Point(8.71722 48.8785)",48.8785,8.71722,"Q884358"
"http://www.wikidata.org/entity/Q1622175","Q1622175","Point(8.94417 48.4581)",48.4581,8.94417,"Q1622175"
"http://www.wikidata.org/entity/Q1622118","Q1622118","Point(9.171757 47.667088)",47.667088,9.171757,"Q1622118"
"http://www.wikidata.org/entity/Q1667283","Q1667283","Point(8.72773 48.7729)",48.7729,8.72773,"Q1667283"
"http://www.wikidata.org/entity/Q1262599","Q1262599","Point(8.38552 49.0261)",49.0261,8.38552,"Q1262599"
"http://www.wikidata.org/entity/Q1736342","Q1736342","Point(7.8575 48.0039)",48.0039,7.8575,"Q1736342"
"http://www.wikidata.org/entity/Q322938","Q322938","Point(8.38726 49.0144)",49.0144,8.38726,"Q322938"
"http://www.wikidata.org/entity/Q1262608","Q1262608","Point(8.53472 49.4744)",49.4744,8.53472,"Q1262608"
"http://www.wikidata.org/entity/Q21040685","Q21040685","Point(9.174292 48.772652)",48.772652,9.174292,"Q21040685"
"http://www.wikidata.org/entity/Q1922219","Q1922219","Point(9.2094 48.7897)",48.7897,9.2094,"Q1922219"
"http://www.wikidata.org/entity/Q650345","Hochschule für Musik Freiburg","Point(7.872515 47.989069)",47.989069,7.872515,"Q650345"
"http://www.wikidata.org/entity/Q1622206","Q1622206","Point(8.63824 48.0754)",48.0754,8.63824,"Q1622206"
"http://www.wikidata.org/entity/Q1413500","Q1413500","Point(8.470829 49.483842)",49.483842,8.470829,"Q1413500"
"http://www.wikidata.org/entity/Q569899","Q569899","Point(10.0367 47.694)",47.694,10.0367,"Q569899"
"http://www.wikidata.org/entity/Q248702","Q248702","Point(9.793727 48.793244)",48.793244,9.793727,"Q248702"
"http://www.wikidata.org/entity/Q2718933","Q2718933","Point(9.65305556 47.81416667)",47.81416667,9.65305556,"Q2718933"
"http://www.wikidata.org/entity/Q880938","Q880938","Point(8.19821389 47.67839722)",47.67839722,8.19821389,"Q880938"
"http://www.wikidata.org/entity/Q1622143","Q1622143","Point(9.99749 48.40885)",48.40885,9.99749,"Q1622143"
"http://www.wikidata.org/entity/Q2418970","Q2418970","Point(9.2113 48.487)",48.487,9.2113,"Q2418970"
"http://www.wikidata.org/entity/Q15852343","Q15852343","Point(9.183608 48.792308)",48.792308,9.183608,"Q15852343"
"http://www.wikidata.org/entity/Q309988","Institut Tecnològic de Karlsruhe","Point(8.416972222 49.011916666)",49.011916666667,8.4169722222222,"Q309988"
"http://www.wikidata.org/entity/Q1441203","Q1441203","Point(7.89333333 47.98111111)",47.980974,7.892667,"Q1441203"
"http://www.wikidata.org/entity/Q835440","Universitat de Constança","Point(9.1881 47.690215)",47.690215,9.1881,"Q835440"
"http://www.wikidata.org/entity/Q1622186","Q1622186","Point(8.70147 49.41)",49.41,8.70147,"Q1622186"
"http://www.wikidata.org/entity/Q2120205","Q2120205","Point(9.82889 48.7917)",48.791376,9.829282,"Q2120205"
"http://www.wikidata.org/entity/Q1429906","Q1429906","Point(8.684739 49.420462)",49.420462,8.684739,"Q1429906"
"http://www.wikidata.org/entity/Q1310061","Q1310061","Point(8.39274 49.0137)",49.0137,8.39274,"Q1310061"
"http://www.wikidata.org/entity/Q2120211","Q2120211","Point(9.18312167 48.90983778)",48.90983778,9.18312167,"Q2120211"
"http://www.wikidata.org/entity/Q2120222","Q2120222","Point(9.645904 47.808403)",47.808403,9.645904,"Q2120222"
"http://www.wikidata.org/entity/Q153987","Universitat de Friburg de Brisgòvia","Point(7.846944444 47.994166666)",47.994166666667,7.8469444444444,"Q153987"
"http://www.wikidata.org/entity/Q151510","Universitat de Heidelberg","Point(8.706388888 49.410277777)",49.410277777778,8.7063888888889,"Q151510"
"http://www.wikidata.org/entity/Q153978","Universitat de Tübingen","Point(9.059 48.525)",48.525,9.059,"Q153978"
"http://www.wikidata.org/entity/Q191426","Q191426","Point(9.43388889 47.65861111)",47.65861111,9.43388889,"Q191426"
"http://www.wikidata.org/entity/Q21725096","Q21725096","Point(11.634473 48.251903)",48.251903,11.634473,"Q21725096"
"http://www.wikidata.org/entity/Q1451973","Q1451973","Point(11.5305 48.13223)",48.13223,11.5305,"Q1451973"
"http://www.wikidata.org/entity/Q1451979","Q1451979","Point(11.5283 48.1326)",48.1326,11.5283,"Q1451979"
"http://www.wikidata.org/entity/Q74589546","Q74589546","Point(10.919497 48.367868)",48.367868,10.919497,"Q74589546"
"http://www.wikidata.org/entity/Q835535","Q835535","Point(11.0196 49.5472)",49.5472,11.0196,"Q835535"
"http://www.wikidata.org/entity/Q23561231","Q23561231","Point(11.030037 49.570921)",49.570921,11.030037,"Q23561231"
"http://www.wikidata.org/entity/Q1355787","Q1355787","Point(9.91772 49.798)",49.798,9.91772,"Q1355787"
"http://www.wikidata.org/entity/Q1396758","Q1396758","Point(11.709173 48.394205)",48.394205,11.709173,"Q1396758"
"http://www.wikidata.org/entity/Q77075635","Q77075635","Point(9.051029 50.090075)",50.090075,9.051029,"Q77075635"
"http://www.wikidata.org/entity/Q878592","Q878592","Point(11.5933 48.2225)",48.2225,11.5933,"Q878592"
"http://www.wikidata.org/entity/Q314073","Q314073","Point(11.605167 48.153006)",48.153006,11.605167,"Q314073"
"http://www.wikidata.org/entity/Q131617","Deutsches Museum","Point(11.583333333 48.13)",48.13,11.583333333333,"Q131617"
"http://www.wikidata.org/entity/Q478695","Germanisches Nationalmuseum Nürnberg","Point(11.075556 49.448333)",49.448333,11.075556,"Q478695"
"http://www.wikidata.org/entity/Q896552","Q896552","Point(11.543356 48.156866)",48.156944,11.543333,"Q896552"
"http://www.wikidata.org/entity/Q1664940","Q1664940","Point(12.102857 49.015034)",49.015034,12.102857,"Q1664940"
"http://www.wikidata.org/entity/Q1202543","Q1202543","Point(11.7111 48.398)",48.398008,11.711281,"Q1202543"
"http://www.wikidata.org/entity/Q15825520","Q15825520","Point(10.897858 49.89248)",49.89248,10.897858,"Q15825520"
"http://www.wikidata.org/entity/Q881298","Q881298","Point(11.6715 48.2636)",48.2636,11.6715,"Q881298"
"http://www.wikidata.org/entity/Q1912063","Q1912063","Point(11.5664 50.91)",50.91,11.5664,"Q1912063"
"http://www.wikidata.org/entity/Q15119984","Q15119984","Point(11.5812 48.1405)",48.1405,11.5812,"Q15119984"
"http://www.wikidata.org/entity/Q48861","Q48861","Point(11.671666666 48.261111111)",48.261111111111,11.671666666667,"Q48861"
"http://www.wikidata.org/entity/Q822371","Institut Max Planck de física extraterrestre","Point(11.671666666 48.261666666)",48.261666666667,11.671666666667,"Q822371"
"http://www.wikidata.org/entity/Q1912098","Q1912098","Point(11.5768 48.1482)",48.1482,11.5768,"Q1912098"
"http://www.wikidata.org/entity/Q1912109","Q1912109","Point(11.005556 49.576667)",49.576667,11.005556,"Q1912109"
"http://www.wikidata.org/entity/Q463326","Institut Max Planck de Física","Point(11.6125 48.1842)",48.1842,11.6125,"Q463326"
"http://www.wikidata.org/entity/Q829535","Q829535","Point(11.666694444 48.259388888)",48.259388888889,11.666694444444,"Q829535"
"http://www.wikidata.org/entity/Q1471785","Q1471785","Point(11.4608 48.105)",48.105,11.4608,"Q1471785"
"http://www.wikidata.org/entity/Q1652403","Q1652403","Point(11.2357 47.9725)",47.9725,11.2357,"Q1652403"
"http://www.wikidata.org/entity/Q1912091","Q1912091","Point(11.576136 48.173656)",48.173656,11.576135,"Q1912091"
"http://www.wikidata.org/entity/Q1912096","Q1912096","Point(11.58122 48.14098)",48.14098,11.58122,"Q1912096"
"http://www.wikidata.org/entity/Q158085","Institut Max Planck","Point(11.5820779 48.1411551)",48.1411551,11.5820779,"Q158085"
"http://www.wikidata.org/entity/Q414052","Acadèmia de Belles Arts de Munic","Point(11.580278 48.153056)",48.153056,11.580278,"Q414052"
"http://www.wikidata.org/entity/Q475312","Q475312","Point(11.060323 49.450809)",49.450809,11.060323,"Q475312"
"http://www.wikidata.org/entity/Q1280712","Hochschule für angewandtes Management","Point(13.486328 52.523719)",52.523719,13.486328,"Q1280712"
"http://www.wikidata.org/entity/Q1622121","Q1622121","Point(12.199 48.5552)",48.5552,12.199,"Q1622121"
"http://www.wikidata.org/entity/Q569350","Universitat de Televisió i Cinema de Munic","Point(11.569038888 48.146758333)",48.146758333333,11.569038888889,"Q569350"
"http://www.wikidata.org/entity/Q1622241","Q1622241","Point(11.57249 49.93962)",49.93962,11.57249,"Q1622241"
"http://www.wikidata.org/entity/Q1622189","Q1622189","Point(12.0988 49.0251)",49.0251,12.0988,"Q1622189"
"http://www.wikidata.org/entity/Q1622205","Q1622205","Point(11.10868056 49.45861111)",49.45861111,11.10868056,"Q1622205"
"http://www.wikidata.org/entity/Q260107","Q260107","Point(9.933947 49.792466)",49.792466,9.933947,"Q260107"
"http://www.wikidata.org/entity/Q314089","Universitat de Ciències Aplicades de Munic","Point(11.552752777 48.153433333)",48.153433333333,11.552752777778,"Q314089"
"http://www.wikidata.org/entity/Q1622129","Q1622129","Point(10.0092 48.3804)",48.3804,10.0092,"Q1622129"
"http://www.wikidata.org/entity/Q1622109","Q1622109","Point(11.94 50.325)",50.325,11.94,"Q1622109"
"http://www.wikidata.org/entity/Q1622076","Q1622076","Point(10.5672 49.3061)",49.3061,10.5672,"Q1622076"
"http://www.wikidata.org/entity/Q896468","Q896468","Point(10.905 48.355277777)",48.355277777778,10.905,"Q896468"
"http://www.wikidata.org/entity/Q1622234","Q1622234","Point(10.95 50.2647)",50.2647,10.95,"Q1622234"
"http://www.wikidata.org/entity/Q1622115","Q1622115","Point(10.3136 47.7158)",47.7158,10.3136,"Q1622115"
"http://www.wikidata.org/entity/Q1622145","Q1622145","Point(11.730411 48.395708)",48.395708,11.730411,"Q1622145"
"http://www.wikidata.org/entity/Q1632429","Q1632429","Point(11.6013 48.1322)",48.1322,11.6013,"Q1632429"
"http://www.wikidata.org/entity/Q1346417","Q1346417","Point(11.554875 48.147082)",48.147082,11.554875,"Q1346417"
"http://www.wikidata.org/entity/Q1311824","Q1311824","Point(11.524444444 48.136111111)",48.136111111111,11.524444444444,"Q1311824"
"http://www.wikidata.org/entity/Q982435","Q982435","Point(12.0951 49.0037)",49.0037,12.0951,"Q982435"
"http://www.wikidata.org/entity/Q1523703","Q1523703","Point(9.16138889 49.97194444)",49.97194444,9.16138889,"Q1523703"
"http://www.wikidata.org/entity/Q468553","Q468553","Point(12.954722 48.829722)",48.829722,12.954722,"Q468553"
"http://www.wikidata.org/entity/Q263537","Q263537","Point(12.1073 47.8674)",47.8674,12.1073,"Q263537"
"http://www.wikidata.org/entity/Q1622111","Q1622111","Point(11.4318 48.7668)",48.7668,11.4318,"Q1622111"
"http://www.wikidata.org/entity/Q283099","Q283099","Point(11.63813 48.08032)",48.08032,11.63813,"Q283099"
"http://www.wikidata.org/entity/Q657167","Q657167","Point(11.567805555 48.146111111)",48.146111111111,11.567805555556,"Q657167"
"http://www.wikidata.org/entity/Q1532259","Q1532259","Point(10.997838888 49.459661111)",49.459661111111,10.997838888889,"Q1532259"
"http://www.wikidata.org/entity/Q157808","Universitat Tècnica de Munic","Point(11.568055555 48.148055555)",48.148055555556,11.568055555556,"Q157808"
"http://www.wikidata.org/entity/Q707272","Universitat de Bamberg","Point(10.886666666 49.893888888)",49.893888888889,10.886666666667,"Q707272"
"http://www.wikidata.org/entity/Q574571","Universitat de Ratisbona","Point(12.0931658 48.9992339)",48.9992339,12.0931658,"Q574571"
"http://www.wikidata.org/entity/Q161976","Universitat de Würzburg","Point(9.935277777 49.788055555)",49.788055555556,9.9352777777778,"Q161976"
"http://www.wikidata.org/entity/Q765928","Q765928","Point(10.7775 49.2833)",49.2833,10.7775,"Q765928"
"http://www.wikidata.org/entity/Q881849","Q881849","Point(11.583288888 48.148919444)",48.148919444444,11.583288888889,"Q881849"
"http://www.wikidata.org/entity/Q315161","Universitat Catòlica d'Eichstätt-Ingolstadt","Point(11.18972222 48.88944444)",48.88944444,11.18972222,"Q315161"
"http://www.wikidata.org/entity/Q616905","Universitat d'Augsburg","Point(10.89833333 48.33388889)",48.33388889,10.89833333,"Q616905"
"http://www.wikidata.org/entity/Q55044","Universitat de Munic","Point(11.580277777 48.150833333)",48.150833333333,11.580277777778,"Q55044"
"http://www.wikidata.org/entity/Q704468","Universitat de Passau","Point(13.453333333 48.568333333)",48.568333333333,13.453333333333,"Q704468"
"http://www.wikidata.org/entity/Q1452018","Q1452018","Point(13.314444444 52.526111111)",52.526111111111,13.314444444444,"Q1452018"
"http://www.wikidata.org/entity/Q1452019","Q1452019","Point(13.32495 52.51632)",52.51632,13.32495,"Q1452019"
"http://www.wikidata.org/entity/Q1452026","Q1452026","Point(13.323611111 52.523888888)",52.523888888889,13.323611111111,"Q1452026"
"http://www.wikidata.org/entity/Q1452049","Fraunhofer Institute for Reliability and Microintegration","Point(13.38452 52.54252)",52.54252,13.38452,"Q1452049"
"http://www.wikidata.org/entity/Q90571165","Q90571165","Point(13.401801 52.520605)",52.520605,13.401801,"Q90571165"
"http://www.wikidata.org/entity/Q1912019","Q1912019","Point(13.5026 52.6248)",52.6248,13.5026,"Q1912019"
"http://www.wikidata.org/entity/Q314578","Q314578","Point(13.129444 52.41)",52.41,13.129444,"Q314578"
"http://www.wikidata.org/entity/Q155228","Q155228","Point(13.3887 52.512222222)",52.512222222222,13.3887,"Q155228"
"http://www.wikidata.org/entity/Q1405041","Q1405041","Point(13.5338 52.4286)",52.4286,13.5338,"Q1405041"
"http://www.wikidata.org/entity/Q1813732","Q1813732","Point(13.647552 52.449662)",52.449662,13.647552,"Q1813732"
"http://www.wikidata.org/entity/Q1813738","Q1813738","Point(13.5269 52.4317)",52.4317,13.5269,"Q1813738"
"http://www.wikidata.org/entity/Q1813770","Q1813770","Point(13.521437 52.505999)",52.505999,13.521437,"Q1813770"
"http://www.wikidata.org/entity/Q1813742","Q1813742","Point(13.5048 52.6242)",52.6242,13.5048,"Q1813742"
"http://www.wikidata.org/entity/Q1912011","Q1912011","Point(13.5258 52.4306)",52.4306,13.5258,"Q1912011"
"http://www.wikidata.org/entity/Q233098","Museu d'història natural de Berlín","Point(13.3792 52.5302)",52.5302,13.3792,"Q233098"
"http://www.wikidata.org/entity/Q2058481","Q2058481","Point(13.3956 52.5131)",52.5131,13.3956,"Q2058481"
"http://www.wikidata.org/entity/Q2555215","Q2555215","Point(13.396084 52.51261)",52.51261,13.396084,"Q2555215"
"http://www.wikidata.org/entity/Q475602","Q475602","Point(13.3658 52.5064)",52.5064,13.3658,"Q475602"
"http://www.wikidata.org/entity/Q5062518","Q5062518","Point(13.202396 52.427976)",52.427976,13.202396,"Q5062518"
"http://www.wikidata.org/entity/Q514590","Q514590","Point(13.283 52.4485)",52.4485,13.283,"Q514590"
"http://www.wikidata.org/entity/Q1721667","Q1721667","Point(13.274304 52.444844)",52.444444,13.272778,"Q1721667"
"http://www.wikidata.org/entity/Q772059","Q772059","Point(13.303333 52.468611)",52.468253,13.303843,"Q772059"
"http://www.wikidata.org/entity/Q1667439","Institut Max Planck de biologia infectiva","Point(13.3753 52.525)",52.525,13.3753,"Q1667439"
"http://www.wikidata.org/entity/Q77084747","Q77084747","Point(13.374427 52.525635)",52.525635,13.374427,"Q77084747"
"http://www.wikidata.org/entity/Q851413","Q851413","Point(13.3528 52.5445)",52.5445,13.3528,"Q851413"
"http://www.wikidata.org/entity/Q895796","Q895796","Point(13.52194444 52.45361111)",52.45361111,13.52194444,"Q895796"
"http://www.wikidata.org/entity/Q875138","Q875138","Point(13.52583333 52.49305556)",52.49305556,13.52583333,"Q875138"
"http://www.wikidata.org/entity/Q1736348","Q1736348","Point(13.5342 52.488)",52.488,13.5342,"Q1736348"
"http://www.wikidata.org/entity/Q55038","Universitat de les Arts de Berlín","Point(13.326944444 52.509166666)",52.509166666667,13.326944444444,"Q55038"
"http://www.wikidata.org/entity/Q40387612","Q40387612","Point(13.446395 52.493891)",52.493891,13.446395,"Q40387612"
"http://www.wikidata.org/entity/Q904943","Touro College","Point(-73.9902693 40.7421224)",40.7421224,-73.9902693,"Q904943"
"http://www.wikidata.org/entity/Q17122136","Q17122136","Point(13.415424 52.511859)",52.511859,13.415424,"Q17122136"
"http://www.wikidata.org/entity/Q2646956","Q2646956","Point(13.6053 52.5369)",52.5369,13.6053,"Q2646956"
"http://www.wikidata.org/entity/Q18356619","Q18356619","Point(13.3913 52.5138)",52.5138,13.3913,"Q18356619"
"http://www.wikidata.org/entity/Q812777","Q812777","Point(13.314988 52.511749)",52.511749,13.314988,"Q812777"
"http://www.wikidata.org/entity/Q666828","Q666828","Point(13.39388889 52.58416667)",52.58416667,13.39388889,"Q666828"
"http://www.wikidata.org/entity/Q1017599","Q1017599","Point(13.054074 52.406958)",52.406958,13.054074,"Q1017599"
"http://www.wikidata.org/entity/Q1183724","Q1183724","Point(13.4523379 52.5039965)",52.5039965,13.4523379,"Q1183724"
"http://www.wikidata.org/entity/Q1200666","Q1200666","Point(13.4346863 52.4921399)",52.4921399,13.4346863,"Q1200666"
"http://www.wikidata.org/entity/Q1622185","Q1622185","Point(13.325568 52.518539)",52.518539,13.325568,"Q1622185"
"http://www.wikidata.org/entity/Q1380205","Q1380205","Point(13.2628 52.4234)",52.4234,13.2628,"Q1380205"
"http://www.wikidata.org/entity/Q1514069","Q1514069","Point(13.3158909 52.5119729)",52.5119729,13.3158909,"Q1514069"
"http://www.wikidata.org/entity/Q569460","Escola superior de música Hanns Eisler","Point(13.391286111 52.513788888)",52.513788888889,13.391286111111,"Q569460"
"http://www.wikidata.org/entity/Q1622198","Q1622198","Point(13.384787 52.538862)",52.538862,13.384787,"Q1622198"
"http://www.wikidata.org/entity/Q1666832","Q1666832","Point(13.3427 52.524)",52.524,13.3427,"Q1666832"
"http://www.wikidata.org/entity/Q1773894","Q1773894","Point(13.4393 52.5581)",52.5581,13.4393,"Q1773894"
"http://www.wikidata.org/entity/Q1916267","Q1916267","Point(13.0541 52.407)",52.407,13.0541,"Q1916267"
"http://www.wikidata.org/entity/Q2115997","Q2115997","Point(13.4158 52.5128)",52.5128,13.4158,"Q2115997"
"http://www.wikidata.org/entity/Q7392824","Q7392824","Point(13.322 52.5139)",52.5139,13.322,"Q7392824"
"http://www.wikidata.org/entity/Q153006","Universitat Lliure de Berlín","Point(13.290555555 52.453055555)",52.453055555556,13.290555555556,"Q153006"
"http://www.wikidata.org/entity/Q162684","Charité","Point(13.377222 52.526944)",52.526944,13.377222,"Q162684"
"http://www.wikidata.org/entity/Q152087","Universitat Humboldt de Berlín","Point(13.393333333 52.518055555)",52.518055555556,13.393333333333,"Q152087"
"http://www.wikidata.org/entity/Q51985","Universitat Tècnica de Berlín","Point(13.326388888 52.511944444)",52.511944444444,13.326388888889,"Q51985"
"http://www.wikidata.org/entity/Q569528","Q569528","Point(13.4011 52.5156)",52.5156,13.4011,"Q569528"
"http://www.wikidata.org/entity/Q883471","Q883471","Point(13.47349 52.50939)",52.5094,13.4739,"Q883471"
"http://www.wikidata.org/entity/Q1451986","Q1451986","Point(12.9681 52.4133)",52.4133,12.9681,"Q1451986"
"http://www.wikidata.org/entity/Q1205654","Q1205654","Point(13.0644 52.3826)",52.3826,13.0644,"Q1205654"
"http://www.wikidata.org/entity/Q662864","Institut d'Astrofísica de Potsdam","Point(13.064214 52.379979)",52.405,13.1042,"Q662864"
"http://www.wikidata.org/entity/Q1205726","Q1205726","Point(13.105172 52.348441)",52.348441,13.105172,"Q1205726"
"http://www.wikidata.org/entity/Q829654","Q829654","Point(14.4898 52.3181)",52.3181,14.4898,"Q829654"
"http://www.wikidata.org/entity/Q1575493","Q1575493","Point(13.756149 52.427544)",52.4276,13.7561,"Q1575493"
"http://www.wikidata.org/entity/Q251061","Q251061","Point(13.0643 52.3806)",52.3806,13.0643,"Q251061"
"http://www.wikidata.org/entity/Q191269","Q191269","Point(13.0581 52.396)",52.396,13.0581,"Q191269"
"http://www.wikidata.org/entity/Q2778415","Institut Max Planck de física gravitacional","Point(12.970278 52.416389)",52.416389,12.970278,"Q2778415"
"http://www.wikidata.org/entity/Q1912082","Q1912082","Point(12.969703 52.414906)",52.415,12.968889,"Q1912082"
"http://www.wikidata.org/entity/Q910825","Q910825","Point(12.9689 52.4156)",52.415556,12.968889,"Q910825"
"http://www.wikidata.org/entity/Q686171","Q686171","Point(13.6325 52.3194)",52.3194,13.6325,"Q686171"
"http://www.wikidata.org/entity/Q1813793","Q1813793","Point(14.114791 52.516091)",52.5161,14.1138,"Q1813793"
"http://www.wikidata.org/entity/Q61943383","Q61943383","Point(13.0335544 52.383226)",52.383226,13.0335544,"Q61943383"
"http://www.wikidata.org/entity/Q1257534","Q1257534","Point(13.6153 52.2926)",52.2926,13.6153,"Q1257534"
"http://www.wikidata.org/entity/Q1391247","Q1391247","Point(13.26915 52.76221)",52.76221,13.26915,"Q1391247"
"http://www.wikidata.org/entity/Q17123097","Q17123097","Point(13.012962 52.374748)",52.374748,13.012962,"Q17123097"
"http://www.wikidata.org/entity/Q1550192","Q1550192","Point(13.116667 52.388611)",52.388611,13.116667,"Q1550192"
"http://www.wikidata.org/entity/Q1622244","Q1622244","Point(13.8176 52.8329)",52.8329,13.8176,"Q1622244"
"http://www.wikidata.org/entity/Q1391182","Fachhochschule Brandenburg","Point(12.5369 52.4119)",52.4119,12.5369,"Q1391182"
"http://www.wikidata.org/entity/Q1623675","Q1623675","Point(13.00308 52.54143)",52.54143,13.00308,"Q1623675"
"http://www.wikidata.org/entity/Q153012","Universitat de Potsdam","Point(13.011888888 52.401111111)",52.401111111111,13.011888888889,"Q153012"
"http://www.wikidata.org/entity/Q149481","Universitat Europea Viadrina","Point(14.553888888 52.342222222)",52.342222222222,14.553888888889,"Q149481"
"http://www.wikidata.org/entity/Q149433","Q149433","Point(13.985699 51.5236418)",51.7672,14.3264,"Q149433"
"http://www.wikidata.org/entity/Q16320336","Q16320336","Point(12.797349 52.906353)",52.906353,12.797349,"Q16320336"
"http://www.wikidata.org/entity/Q1452002","Q1452002","Point(8.84861 53.1114)",53.1114,8.84861,"Q1452002"
"http://www.wikidata.org/entity/Q1452046","Q1452046","Point(8.57219 53.52091)",53.52091,8.57219,"Q1452046"
"http://www.wikidata.org/entity/Q1451995","Q1451995","Point(8.85861 53.1014)",53.1014,8.85861,"Q1451995"
"http://www.wikidata.org/entity/Q536656","Institut Alfred Wegener per a la investigació polar i marina","Point(8.579555555 53.532722222)",53.532722222222,8.5795555555556,"Q536656"
"http://www.wikidata.org/entity/Q30281736","Q30281736","Point(8.858344 53.100155)",53.100155,8.858344,"Q30281736"
"http://www.wikidata.org/entity/Q455354","Q455354","Point(8.577 53.5401)",53.5401,8.577,"Q455354"
"http://www.wikidata.org/entity/Q1665037","Q1665037","Point(8.855195 53.10916)",53.10916,8.855195,"Q1665037"
"http://www.wikidata.org/entity/Q1413854","Q1413854","Point(8.84597 53.1078)",53.1078,8.84597,"Q1413854"
"http://www.wikidata.org/entity/Q876880","Q876880","Point(8.8475 53.1103)",53.1103,8.8475,"Q876880"
"http://www.wikidata.org/entity/Q619201","Q619201","Point(8.859799 53.103144)",53.103144,8.859799,"Q619201"
"http://www.wikidata.org/entity/Q466664","Q466664","Point(8.7675 53.0981)",53.0981,8.7675,"Q466664"
"http://www.wikidata.org/entity/Q1622242","Q1622242","Point(8.79609 53.08438)",53.08438,8.79609,"Q1622242"
"http://www.wikidata.org/entity/Q1622092","Q1622092","Point(8.85361111 53.10861111)",53.10861111,8.85361111,"Q1622092"
"http://www.wikidata.org/entity/Q1622093","Q1622093","Point(8.58204972 53.53977)",53.53977,8.58204972,"Q1622093"
"http://www.wikidata.org/entity/Q500692","Universitat de Bremen","Point(8.853611111 53.108611111)",53.108611111111,8.8536111111111,"Q500692"
"http://www.wikidata.org/entity/Q30265078","Q30265078","Point(9.969976 53.463781)",53.463781,9.969976,"Q30265078"
"http://www.wikidata.org/entity/Q77075682","Q77075682","Point(10.201969 53.477698)",53.477698,10.201969,"Q77075682"
"http://www.wikidata.org/entity/Q311801","DESY","Point(9.879444444 53.575833333)",53.575833333333,9.8794444444444,"Q311801"
"http://www.wikidata.org/entity/Q617048","Q617048","Point(9.965 53.54694444)",53.54694444,9.965,"Q617048"
"http://www.wikidata.org/entity/Q470412","Q470412","Point(9.992222 53.557222)",53.557222,9.992222,"Q470412"
"http://www.wikidata.org/entity/Q1596449","Q1596449","Point(9.9732 53.5934)",53.5934,9.9732,"Q1596449"
"http://www.wikidata.org/entity/Q1912080","Q1912080","Point(9.975166666 53.567722222)",53.567722222222,9.9751666666667,"Q1912080"
"http://www.wikidata.org/entity/Q1912093","Q1912093","Point(9.9944 53.5626)",53.5626,9.9944,"Q1912093"
"http://www.wikidata.org/entity/Q19841613","Q19841613","Point(9.88465 53.57921)",53.57921,9.88465,"Q19841613"
"http://www.wikidata.org/entity/Q2324644","Staats- und Universitätsbibliothek Hamburg","Point(9.98519 53.56486)",53.56486,9.98519,"Q2324644"
"http://www.wikidata.org/entity/Q1622155","Q1622155","Point(10.00061 53.60244)",53.60244,10.00061,"Q1622155"
"http://www.wikidata.org/entity/Q316207","Hospital Universitari Hamburg-Eppendorf","Point(9.976667 53.591389)",53.591389,9.976667,"Q316207"
"http://www.wikidata.org/entity/Q897742","Q897742","Point(9.93076 53.54595)",53.54595,9.93076,"Q897742"
"http://www.wikidata.org/entity/Q1262310","Q1262310","Point(9.991502 53.55759)",53.557777777778,9.9913888888889,"Q1262310"
"http://www.wikidata.org/entity/Q1377302","Q1377302","Point(10.15306 53.60434)",53.60434,10.15306,"Q1377302"
"http://www.wikidata.org/entity/Q1380223","Q1380223","Point(10.07097222 53.55488889)",53.55488889,10.07097222,"Q1380223"
"http://www.wikidata.org/entity/Q1997705","Q1997705","Point(10.05658333 53.56138889)",53.56138889,10.05658333,"Q1997705"
"http://www.wikidata.org/entity/Q1563580","Q1563580","Point(10.04994 53.58236)",53.58236,10.04994,"Q1563580"
"http://www.wikidata.org/entity/Q913987","Q913987","Point(10.02196 53.55627)",53.55627,10.02196,"Q913987"
"http://www.wikidata.org/entity/Q1622237","Q1622237","Point(10.03132 53.56757)",53.56757,10.03132,"Q1622237"
"http://www.wikidata.org/entity/Q700824","Universitat de Música i Teatre d'Hamburg","Point(9.99888889 53.57055556)",53.57055556,9.99888889,"Q700824"
"http://www.wikidata.org/entity/Q1572930","Q1572930","Point(9.98965 53.5502)",53.5502,9.98965,"Q1572930"
"http://www.wikidata.org/entity/Q1881867","Q1881867","Point(9.993055555 53.541388888)",53.541388888889,9.9930555555556,"Q1881867"
"http://www.wikidata.org/entity/Q24175530","Q24175530","Point(10.105222222 53.571277777)",53.571277777778,10.105222222222,"Q24175530"
"http://www.wikidata.org/entity/Q530991","Q530991","Point(10.10719 53.56785)",53.56785,10.10719,"Q530991"
"http://www.wikidata.org/entity/Q1060","Universitat Tècnica d'Hamburg","Point(9.969505555 53.460958333)",53.460958333333,9.9695055555556,"Q1060"
"http://www.wikidata.org/entity/Q470487","Q470487","Point(9.98267 53.55951)",53.55951,9.98267,"Q470487"
"http://www.wikidata.org/entity/Q1683524","Q1683524","Point(10.001425 53.544966)",53.544966,10.001425,"Q1683524"
"http://www.wikidata.org/entity/Q1167435","Q1167435","Point(7.10874 49.2708)",49.2708,7.10874,"Q1167435"
"http://www.wikidata.org/entity/Q71250662","Q71250662","Point(9.477843 51.313381)",51.313381,9.477843,"Q71250662"
"http://www.wikidata.org/entity/Q1452008","Q1452008","Point(8.65957 49.8742)",49.8742,8.65957,"Q1452008"
"http://www.wikidata.org/entity/Q1451993","Q1451993","Point(8.68207 49.9035)",49.9035,8.68207,"Q1451993"
"http://www.wikidata.org/entity/Q1452030","Q1452030","Point(8.63823 49.8714)",49.8714,8.63823,"Q1452030"
"http://www.wikidata.org/entity/Q703993","Q703993","Point(8.679166666 49.931388888)",49.931388888889,8.6791666666667,"Q703993"
"http://www.wikidata.org/entity/Q15834499","Q15834499","Point(8.6729 50.12111)",50.12111,8.6729,"Q15834499"
"http://www.wikidata.org/entity/Q255876","Q255876","Point(8.63027778 50.17361111)",50.17361111,8.63027778,"Q255876"
"http://www.wikidata.org/entity/Q832398","Institut Max Planck per a la recerca cerebral","Point(8.65205 50.0935)",50.0935,8.65205,"Q832398"
"http://www.wikidata.org/entity/Q30265290","Q30265290","Point(8.632268 50.174843)",50.174843,8.632268,"Q30265290"
"http://www.wikidata.org/entity/Q1567092","Q1567092","Point(8.74121 50.36974)",50.36974,8.74121,"Q1567092"
"http://www.wikidata.org/entity/Q1170236","Q1170236","Point(8.810833 50.806389)",50.806389,8.810833,"Q1170236"
"http://www.wikidata.org/entity/Q1912108","Max-Planck-Institut für Europäische Rechtsgeschichte","Point(8.6204 50.1328)",50.1328,8.6204,"Q1912108"
"http://www.wikidata.org/entity/Q453821","Q453821","Point(9.6875 50.5647)",50.5647,9.6875,"Q453821"
"http://www.wikidata.org/entity/Q870192","Q870192","Point(8.760706 50.808855)",50.808855,8.760706,"Q870192"
"http://www.wikidata.org/entity/Q1615884","Q1615884","Point(9.73096 50.9914)",50.9914,9.73096,"Q1615884"
"http://www.wikidata.org/entity/Q338514","Q338514","Point(8.6504 50.2127)",50.2127,8.6504,"Q338514"
"http://www.wikidata.org/entity/Q636031","Q636031","Point(8.763828 50.803588)",50.803588,8.763828,"Q636031"
"http://www.wikidata.org/entity/Q1380207","Q1380207","Point(8.62755 49.8742)",49.8742,8.62755,"Q1380207"
"http://www.wikidata.org/entity/Q1380215","Q1380215","Point(8.78426 50.82)",50.82,8.78426,"Q1380215"
"http://www.wikidata.org/entity/Q812648","Q812648","Point(8.6925 50.1303)",50.1303,8.6925,"Q812648"
"http://www.wikidata.org/entity/Q1454033","Q1454033","Point(8.692821 50.572802)",50.573,8.6928,"Q1454033"
"http://www.wikidata.org/entity/Q1622179","Q1622179","Point(8.76472222 50.1075)",50.1075,8.76472222,"Q1622179"
"http://www.wikidata.org/entity/Q317796","Institut de Música i Arts Escèniques de Frankfurt am Main","Point(8.6762 50.1201)",50.1201,8.6762,"Q317796"
"http://www.wikidata.org/entity/Q1481465","Q1481465","Point(8.19306 50.0839)",50.0839,8.19306,"Q1481465"
"http://www.wikidata.org/entity/Q1622099","Q1622099","Point(8.266951 50.221196)",50.221196,8.266951,"Q1622099"
"http://www.wikidata.org/entity/Q2718928","Q2718928","Point(7.96139 49.9842)",49.9842,7.96139,"Q2718928"
"http://www.wikidata.org/entity/Q542415","Q542415","Point(8.21722 50.0808)",50.0808,8.21722,"Q542415"
"http://www.wikidata.org/entity/Q1792453","Q1792453","Point(9.48917 51.3042)",51.3042,9.48917,"Q1792453"
"http://www.wikidata.org/entity/Q2113846","Q2113846","Point(8.53861 50.0989)",50.0989,8.53861,"Q2113846"
"http://www.wikidata.org/entity/Q2418963","Q2418963","Point(8.30138969 50.84152985)",50.84152985,8.30138969,"Q2418963"
"http://www.wikidata.org/entity/Q2418934","Q2418934","Point(9.670922 50.554635)",50.5546,9.67116,"Q2418934"
"http://www.wikidata.org/entity/Q1877909","Q1877909","Point(8.5556 50.2105)",50.2105,8.5556,"Q1877909"
"http://www.wikidata.org/entity/Q314684","Q314684","Point(8.683055555 50.586944444)",50.586944444444,8.6830555555556,"Q314684"
"http://www.wikidata.org/entity/Q2572209","Q2572209","Point(8.61582 49.81331)",49.81331,8.61582,"Q2572209"
"http://www.wikidata.org/entity/Q310695","Universitat Tècnica de Darmstadt","Point(8.656388888 49.875)",49.875,8.6563888888889,"Q310695"
"http://www.wikidata.org/entity/Q316272","Q316272","Point(8.05 50.0125)",50.0125,8.05,"Q316272"
"http://www.wikidata.org/entity/Q1444899","Q1444899","Point(8.69741 50.1096)",50.1096,8.69741,"Q1444899"
"http://www.wikidata.org/entity/Q895645","Q895645","Point(8.712 50.09848)",50.09848,8.712,"Q895645"
"http://www.wikidata.org/entity/Q2496396","Q2496396","Point(8.80583333 50.81472222)",50.81472222,8.80583333,"Q2496396"
"http://www.wikidata.org/entity/Q50662","Universitat de Frankfurt","Point(8.651388888 50.119444444)",50.119444444444,8.6513888888889,"Q50662"
"http://www.wikidata.org/entity/Q317053","Universitat de Giessen","Point(8.676388888 50.580833333)",50.580833333333,8.6763888888889,"Q317053"
"http://www.wikidata.org/entity/Q155354","Universitat de Marburg","Point(8.773611111 50.810833333)",50.810833333333,8.7736111111111,"Q155354"
"http://www.wikidata.org/entity/Q1813734","Q1813734","Point(12.111595 54.078606)",54.078606,12.111595,"Q1813734"
"http://www.wikidata.org/entity/Q1813727","Q1813727","Point(11.772 54.1168)",54.1168,11.772,"Q1813727"
"http://www.wikidata.org/entity/Q1248645","Q1248645","Point(13.401872 54.091638)",54.091638,13.401872,"Q1248645"
"http://www.wikidata.org/entity/Q872595","Q872595","Point(12.0809 54.1795)",54.1795,12.0809,"Q872595"
"http://www.wikidata.org/entity/Q871732","Q871732","Point(12.11111111 54.09388889)",54.09388889,12.11111111,"Q871732"
"http://www.wikidata.org/entity/Q1622130","Q1622130","Point(13.2461 53.5567)",53.5567,13.2461,"Q1622130"
"http://www.wikidata.org/entity/Q1391288","Q1391288","Point(12.1771 53.7836)",53.7836,12.1771,"Q1391288"
"http://www.wikidata.org/entity/Q881130","Q881130","Point(12.1444 54.0915)",54.0915,12.1444,"Q881130"
"http://www.wikidata.org/entity/Q1391231","Q1391231","Point(13.0742 54.3394)",54.3394,13.0742,"Q1391231"
"http://www.wikidata.org/entity/Q883036","Q883036","Point(11.44583333 53.89)",53.89,11.44583333,"Q883036"
"http://www.wikidata.org/entity/Q1813756","Q1813756","Point(12.2278 54.013)",54.013,12.2278,"Q1813756"
"http://www.wikidata.org/entity/Q165528","Universitat de Greifswald","Point(13.374625 54.094638888)",54.094638888889,13.374625,"Q165528"
"http://www.wikidata.org/entity/Q679945","Q679945","Point(12.3497 51.3397)",51.3397,12.3497,"Q679945"
"http://www.wikidata.org/entity/Q1452025","Q1452025","Point(10.546 52.302)",52.302,10.546,"Q1452025"
"http://www.wikidata.org/entity/Q1452035","Q1452035","Point(9.79786 52.3877)",52.3877,9.79786,"Q1452035"
"http://www.wikidata.org/entity/Q1452010","Q1452010","Point(10.546 52.302)",52.302,10.546,"Q1452010"
"http://www.wikidata.org/entity/Q1603242","Centre Helmholtz de Recerca Infecciosa","Point(10.531487 52.211502)",52.211502,10.531487,"Q1603242"
"http://www.wikidata.org/entity/Q1205899","Q1205899","Point(9.9523 51.5615)",51.5615,9.9523,"Q1205899"
"http://www.wikidata.org/entity/Q1203864","Q1203864","Point(10.531262 52.212262)",52.212262,10.531262,"Q1203864"
"http://www.wikidata.org/entity/Q1503374","Q1503374","Point(10.510968 52.268464)",52.2681,10.511,"Q1503374"
"http://www.wikidata.org/entity/Q2399120","Biblioteca Nacional Alemanya de Ciència i Tecnologia","Point(9.720166666 52.3815)",52.3814,9.72,"Q2399120"
"http://www.wikidata.org/entity/Q1912106","Q1912106","Point(9.937413 51.551079)",51.551111,9.937222,"Q1912106"
"http://www.wikidata.org/entity/Q700245","Q700245","Point(11.5683 50.9108)",50.9108,11.5683,"Q700245"
"http://www.wikidata.org/entity/Q1638442","Institut Max Planck d'estudi de la diversitat religiosa i ètnica","Point(9.94709 51.54095)",51.54095,9.94709,"Q1638442"
"http://www.wikidata.org/entity/Q836125","Q836125","Point(9.96944 51.5619)",51.5619,9.96944,"Q836125"
"http://www.wikidata.org/entity/Q470648","Q470648","Point(9.948611 51.560278)",51.560278,9.948611,"Q470648"
"http://www.wikidata.org/entity/Q224514","Universitat de Hannover de Ciències Aplicades","Point(9.72249 52.35317)",52.35317,9.72249,"Q224514"
"http://www.wikidata.org/entity/Q277098","Institut Max Planck de Dinàmica","Point(9.96737 51.5606)",51.5606,9.96737,"Q277098"
"http://www.wikidata.org/entity/Q1391271","Q1391271","Point(10.10043 52.83295)",52.83295,10.10043,"Q1391271"
"http://www.wikidata.org/entity/Q1391282","Q1391282","Point(9.77306 52.3661)",52.3661,9.77306,"Q1391282"
"http://www.wikidata.org/entity/Q1562772","Q1562772","Point(9.959854 52.145046)",51.55818,9.95603,"Q1562772"
"http://www.wikidata.org/entity/Q879216","Universitat d'Art de Braunschweig","Point(10.50166667 52.2575)",52.2575,10.50166667,"Q879216"
"http://www.wikidata.org/entity/Q1391213","Q1391213","Point(9.1617345 53.1036354)",53.1036354,9.1617345,"Q1391213"
"http://www.wikidata.org/entity/Q455331","Hochschule für Musik, Theater und Medien Hannover","Point(9.75444 52.3775)",52.3775,9.75444,"Q455331"
"http://www.wikidata.org/entity/Q1622096","Q1622096","Point(7.18113 53.3678)",53.3678,7.18113,"Q1622096"
"http://www.wikidata.org/entity/Q1622135","Universitat de Ciències Aplicades d'Osnabrück","Point(8.024921 52.282438)",52.282438,8.024921,"Q1622135"
"http://www.wikidata.org/entity/Q1622069","Q1622069","Point(9.70458 53.4776)",53.4776,9.70458,"Q1622069"
"http://www.wikidata.org/entity/Q1400766","Q1400766","Point(9.35519 52.0987)",52.0987,9.35519,"Q1400766"
"http://www.wikidata.org/entity/Q30263706","Q30263706","Point(9.818733 52.321481)",52.321481,9.818733,"Q30263706"
"http://www.wikidata.org/entity/Q2035460","Q2035460","Point(10.54861111 52.17666667)",52.17666667,10.54861111,"Q2035460"
"http://www.wikidata.org/entity/Q2044046","Q2044046","Point(9.932658 51.539227)",51.539227,9.932658,"Q2044046"
"http://www.wikidata.org/entity/Q505170","Q505170","Point(10.4011 53.2289)",53.2289,10.4011,"Q505170"
"http://www.wikidata.org/entity/Q1607255","Q1607255","Point(9.765555555 52.369166666)",52.369166666667,9.7655555555556,"Q1607255"
"http://www.wikidata.org/entity/Q447354","Universitat Tecnològica de Clausthal","Point(10.334444444 51.804722222)",51.804722222222,10.334444444444,"Q447354"
"http://www.wikidata.org/entity/Q319333","Q319333","Point(9.975 52.133333333)",52.133333333333,9.975,"Q319333"
"http://www.wikidata.org/entity/Q597758","Universitat d'Oldenburg","Point(8.182222 53.147778)",53.147778,8.182222,"Q597758"
"http://www.wikidata.org/entity/Q911561","Facultat de Medicina de Hannover","Point(9.80472222 52.38388889)",52.38388889,9.80472222,"Q911561"
"http://www.wikidata.org/entity/Q152838","Universitat de Göttingen","Point(9.93792 51.533979833)",51.533979833333,9.93792,"Q152838"
"http://www.wikidata.org/entity/Q678982","Universitat de Hannover","Point(9.717727777 52.382213888)",52.382213888889,9.7177277777778,"Q678982"
"http://www.wikidata.org/entity/Q2496174","Q2496174","Point(8.29382 52.7216)",52.7216,8.29382,"Q2496174"
"http://www.wikidata.org/entity/Q1452011","Q1452011","Point(7.12935 50.61726)",50.61726,7.12935,"Q1452011"
"http://www.wikidata.org/entity/Q1451984","Q1451984","Point(7.20366 50.7495)",50.7495,7.20366,"Q1451984"
"http://www.wikidata.org/entity/Q18624247","Q18624247","Point(7.12935 50.61726)",50.61726,7.12935,"Q18624247"
"http://www.wikidata.org/entity/Q1452013","Fraunhofer-Institut für Intelligente Analyse- und Informationssysteme","Point(7.20566 50.74898)",50.74898,7.20566,"Q1452013"
"http://www.wikidata.org/entity/Q90571373","Q90571373","Point(14.332768 51.75875)",51.75875,14.332768,"Q90571373"
"http://www.wikidata.org/entity/Q28890073","Q28890073","Point(8.737848 51.730414)",51.730414,8.737848,"Q28890073"
"http://www.wikidata.org/entity/Q1452014","Q1452014","Point(6.047232 50.785522)",50.785522,6.047232,"Q1452014"
"http://www.wikidata.org/entity/Q1452021","Q1452021","Point(6.04852 50.78528)",50.78528,6.04852,"Q1452021"
"http://www.wikidata.org/entity/Q1452016","Q1452016","Point(7.40761 51.4937)",51.4937,7.40761,"Q1452016"
"http://www.wikidata.org/entity/Q1452022","Q1452022","Point(6.796666666 51.428888888)",51.428888888889,6.7966666666667,"Q1452022"
"http://www.wikidata.org/entity/Q30265076","Q30265076","Point(6.807308 50.66238)",50.66238,6.807308,"Q30265076"
"http://www.wikidata.org/entity/Q1452027","Q1452027","Point(6.047006 50.784803)",50.784803,6.047006,"Q1452027"
"http://www.wikidata.org/entity/Q1452032","Q1452032","Point(7.40041 51.49364)",51.49364,7.40041,"Q1452032"
"http://www.wikidata.org/entity/Q1480391","Q1480391","Point(7.205669 50.748944)",50.748944,7.205669,"Q1480391"
"http://www.wikidata.org/entity/Q1451981","Q1451981","Point(7.20275 50.74924)",50.74924,7.20275,"Q1451981"
"http://www.wikidata.org/entity/Q1452038","Q1452038","Point(6.88134 51.48588)",51.48588,6.88134,"Q1452038"
"http://www.wikidata.org/entity/Q697111","Q697111","Point(6.411944444 50.905)",50.905,6.4119444444444,"Q697111"
"http://www.wikidata.org/entity/Q896952","Q896952","Point(7.21722 51.4892)",51.4892,7.21722,"Q896952"
"http://www.wikidata.org/entity/Q1205727","Q1205727","Point(7.13683 50.703982)",50.703982,7.13683,"Q1205727"
"http://www.wikidata.org/entity/Q1205596","Q1205596","Point(6.78728 51.204816)",51.20477778,6.78738889,"Q1205596"
"http://www.wikidata.org/entity/Q19962204","Q19962204","Point(6.050211111 50.777443055)",50.777443055556,6.0502111111111,"Q19962204"
"http://www.wikidata.org/entity/Q1804968","Q1804968","Point(7.45875 51.4899)",51.4899,7.45875,"Q1804968"
"http://www.wikidata.org/entity/Q1813719","Q1813719","Point(7.461954 51.491522)",51.491522,7.461954,"Q1813719"
"http://www.wikidata.org/entity/Q30290119","Q30290119","Point(6.786487 51.205343)",51.205343,6.786487,"Q30290119"
"http://www.wikidata.org/entity/Q543646","Institut Max Planck de radioastronomia","Point(7.06967 50.7302)",50.7302,7.06967,"Q543646"
"http://www.wikidata.org/entity/Q1912101","Q1912101","Point(6.88689 51.4178)",51.4178,6.88689,"Q1912101"
"http://www.wikidata.org/entity/Q895960","Q895960","Point(6.886389 51.417778)",51.417778,6.886389,"Q895960"
"http://www.wikidata.org/entity/Q1791731","Q1791731","Point(6.91665 50.9257)",50.9257,6.91665,"Q1791731"
"http://www.wikidata.org/entity/Q1251781","Q1251781","Point(7.409806 51.489667)",51.489667,7.409806,"Q1251781"
"http://www.wikidata.org/entity/Q1407910","Q1407910","Point(7.59111 51.9681)",51.9681,7.59111,"Q1407910"
"http://www.wikidata.org/entity/Q881977","Q881977","Point(6.813055555 51.239444444)",51.239444444444,6.8130555555556,"Q881977"
"http://www.wikidata.org/entity/Q1119337","Q1119337","Point(6.95417 50.9267)",50.9267,6.95417,"Q1119337"
"http://www.wikidata.org/entity/Q1912085","Q1912085","Point(12.39166667 51.34138889)",51.34138889,12.39166667,"Q1912085"
"http://www.wikidata.org/entity/Q880933","Q880933","Point(6.8594 50.9584)",50.9584,6.8594,"Q880933"
"http://www.wikidata.org/entity/Q1912110","Q1912110","Point(6.91665 50.9257)",50.9257,6.91665,"Q1912110"
"http://www.wikidata.org/entity/Q1110267","Q1110267","Point(6.949201 50.924503)",50.924503,6.949201,"Q1110267"
"http://www.wikidata.org/entity/Q32773","Q32773","Point(6.99944 50.7325)",50.7325,6.99944,"Q32773"
"http://www.wikidata.org/entity/Q1377296","Q1377296","Point(6.90547 50.8341)",50.8341,6.90547,"Q1377296"
"http://www.wikidata.org/entity/Q1380172","Q1380172","Point(7.252948 51.473987)",51.473987,7.252948,"Q1380172"
"http://www.wikidata.org/entity/Q1388301","Q1388301","Point(6.09521389 50.756975)",50.756975,6.09521389,"Q1388301"
"http://www.wikidata.org/entity/Q1391181","Q1391181","Point(8.50315 52.0355)",52.0355,8.50315,"Q1391181"
"http://www.wikidata.org/entity/Q1391246","Q1391246","Point(8.52583 52.0089)",52.0089,8.52583,"Q1391246"
"http://www.wikidata.org/entity/Q1324675","Q1324675","Point(7.45779 51.5063)",51.5063,7.45779,"Q1324675"
"http://www.wikidata.org/entity/Q28739095","Q28739095","Point(8.53459 52.01691)",52.01691,8.53459,"Q28739095"
"http://www.wikidata.org/entity/Q554425","Q554425","Point(7.60809 51.961)",51.961,7.60809,"Q554425"
"http://www.wikidata.org/entity/Q1365807","Q1365807","Point(7.53371 51.7326)",51.7326,7.53371,"Q1365807"
"http://www.wikidata.org/entity/Q1391267","Q1391267","Point(6.7665 50.5619)",50.5619,6.7665,"Q1391267"
"http://www.wikidata.org/entity/Q1428381","Q1428381","Point(6.74299 51.2997)",51.2997,6.74299,"Q1428381"
"http://www.wikidata.org/entity/Q521612","Folkwang University of the Arts","Point(7.00444 51.3875)",51.3875,7.00444,"Q521612"
"http://www.wikidata.org/entity/Q55156","Q55156","Point(7.0121 51.4482)",51.4482,7.0121,"Q55156"
"http://www.wikidata.org/entity/Q1622083","Q1622083","Point(7.18194 50.7806)",50.7806,7.18194,"Q1622083"
"http://www.wikidata.org/entity/Q55021","Hochschule für Musik und Tanz Köln","Point(6.961217 50.947643)",50.947643,6.961217,"Q55021"
"http://www.wikidata.org/entity/Q1622078","Q1622078","Point(7.27169 51.4473)",51.447628,7.270749,"Q1622078"
"http://www.wikidata.org/entity/Q1622191","Q1622191","Point(8.68389 52.1117)",52.1117,8.68389,"Q1622191"
"http://www.wikidata.org/entity/Q1622141","Q1622141","Point(6.869899 51.449591)",51.4064,6.93582,"Q1622141"
"http://www.wikidata.org/entity/Q15818931","Q15818931","Point(6.95585 50.93186)",50.93186,6.95585,"Q15818931"
"http://www.wikidata.org/entity/Q322886","Q322886","Point(6.791361111 51.247388888)",51.247388888889,6.7913611111111,"Q322886"
"http://www.wikidata.org/entity/Q1622183","Q1622183","Point(7.22715 51.4706)",51.446986,7.245998,"Q1622183"
"http://www.wikidata.org/entity/Q1318081","Hochschule Niederrhein","Point(6.57061 51.3167)",51.3167,6.57061,"Q1318081"
"http://www.wikidata.org/entity/Q1391252","Q1391252","Point(6.88125278 50.83158056)",50.83158056,6.88125278,"Q1391252"
"http://www.wikidata.org/entity/Q1505130","Q1505130","Point(7.84033 51.683148)",51.683148,7.84033,"Q1505130"
"http://www.wikidata.org/entity/Q15819802","Q15819802","Point(6.8135045 51.2191041)",51.2191041,6.8135045,"Q15819802"
"http://www.wikidata.org/entity/Q1736344","Q1736344","Point(6.964532 50.953411)",50.953411,6.964532,"Q1736344"
"http://www.wikidata.org/entity/Q827038","Q827038","Point(6.96232 50.934)",50.934,6.96232,"Q827038"
"http://www.wikidata.org/entity/Q662355","Kunstakademie de Düsseldorf","Point(6.77365 51.23054)",51.23054,6.77365,"Q662355"
"http://www.wikidata.org/entity/Q2088268","Q2088268","Point(7.64778 51.9601)",51.9601,7.64778,"Q2088268"
"http://www.wikidata.org/entity/Q1245583","Q1245583","Point(6.9419 50.9799)",50.9799,6.9419,"Q1245583"
"http://www.wikidata.org/entity/Q315238","Hochschule Robert Schumann","Point(6.771944 51.242222)",51.242222,6.771944,"Q315238"
"http://www.wikidata.org/entity/Q1622157","Q1622157","Point(7.11272 50.7207)",50.7207,7.11272,"Q1622157"
"http://www.wikidata.org/entity/Q878170","Q878170","Point(7.92356 49.9533)",49.9533,7.92356,"Q878170"
"http://www.wikidata.org/entity/Q54166","Universitat Tècnica de Colònia","Point(6.95991 50.9407)",50.9407,6.95991,"Q54166"
"http://www.wikidata.org/entity/Q895634","Q895634","Point(8.8668 51.93625)",51.76654,9.36891,"Q895634"
"http://www.wikidata.org/entity/Q30263521","Q30263521","Point(7.213419 51.487843)",51.487843,7.213419,"Q30263521"
"http://www.wikidata.org/entity/Q2565230","Q2565230","Point(7.02806 51.5744)",51.5744,7.02806,"Q2565230"
"http://www.wikidata.org/entity/Q1204536","Biblioteca Nacional d'Alemanya de Medicina","Point(6.916296 50.924567)",50.72675,7.0865277777778,"Q1204536"
"http://www.wikidata.org/entity/Q168426","Universitat de Münster","Point(7.613 51.964)",51.964,7.613,"Q168426"
"http://www.wikidata.org/entity/Q309948","Universitat Ruhr de Bochum","Point(7.261666666 51.443888888)",51.443888888889,7.2616666666667,"Q309948"
"http://www.wikidata.org/entity/Q317032","Universitat de Düsseldorf","Point(6.794169444 51.1903)",51.1903,6.7941694444444,"Q317032"
"http://www.wikidata.org/entity/Q696757","Q696757","Point(7.006111 51.463889)",51.463889,7.006111,"Q696757"
"http://www.wikidata.org/entity/Q504723","Q504723","Point(8.02833 50.9064)",50.9064,8.02833,"Q504723"
"http://www.wikidata.org/entity/Q24382","Universitat de Bielefeld","Point(8.49019 52.03764)",52.03764,8.49019,"Q24382"
"http://www.wikidata.org/entity/Q885105","Q885105","Point(7.17028 51.2653)",51.2653,7.17028,"Q885105"
"http://www.wikidata.org/entity/Q315229","Escola Superior d'Esports d'Alemanya","Point(6.86934 50.9367)",50.9367,6.86934,"Q315229"
"http://www.wikidata.org/entity/Q687017","Universitat a Distància de Hagen","Point(7.49527778 51.37722222)",51.37722222,7.49527778,"Q687017"
"http://www.wikidata.org/entity/Q2088271","Q2088271","Point(7.17827 50.7741)",50.7741,7.17827,"Q2088271"
"http://www.wikidata.org/entity/Q273263","Universitat Tècnica de Renània-Westfàlia a Aquisgrà","Point(6.078055555 50.777777777)",50.777777777778,6.0780555555556,"Q273263"
"http://www.wikidata.org/entity/Q883284","Q883284","Point(8.75494 51.7161)",51.7161,8.75494,"Q883284"
"http://www.wikidata.org/entity/Q152171","Universitat de Bonn","Point(7.102222222 50.733888888)",50.733888888889,7.1022222222222,"Q152171"
"http://www.wikidata.org/entity/Q54096","Universitat de Colònia","Point(6.928611111 50.928055555)",50.928055555556,6.9286111111111,"Q54096"
"http://www.wikidata.org/entity/Q679134","Q679134","Point(8.772222222 51.708055555)",51.708055555556,8.7722222222222,"Q679134"
"http://www.wikidata.org/entity/Q314305","Q314305","Point(7.35729 51.45227)",51.45227,7.35729,"Q314305"
"http://www.wikidata.org/entity/Q447953","Universitat de Wuppertal","Point(7.14944 51.2453)",51.2453,7.14944,"Q447953"
"http://www.wikidata.org/entity/Q1451983","Q1451983","Point(7.75219 49.4299)",49.4299,7.75219,"Q1451983"
"http://www.wikidata.org/entity/Q1452034","Q1452034","Point(7.75219 49.4299)",49.4299,7.75219,"Q1452034"
"http://www.wikidata.org/entity/Q878029","Q878029","Point(8.26972 50.0061)",50.0061,8.26972,"Q878029"
"http://www.wikidata.org/entity/Q30279546","Q30279546","Point(7.7689951 49.4432174)",49.4432174,7.7689951,"Q30279546"
"http://www.wikidata.org/entity/Q832808","Q832808","Point(8.24306 49.9936)",49.9936,8.24306,"Q832808"
"http://www.wikidata.org/entity/Q876629","Q876629","Point(8.229722 49.989167)",49.989167,8.229722,"Q876629"
"http://www.wikidata.org/entity/Q1391198","Q1391198","Point(7.76389 49.4517)",49.4517,7.76389,"Q1391198"
"http://www.wikidata.org/entity/Q1622151","Q1622151","Point(7.82575 50.6613)",50.6613,7.82575,"Q1622151"
"http://www.wikidata.org/entity/Q896546","Q896546","Point(6.62944 49.7681)",49.7681,6.62944,"Q896546"
"http://www.wikidata.org/entity/Q1622117","Q1622117","Point(7.56956972 50.33604)",50.33604,7.56956972,"Q1622117"
"http://www.wikidata.org/entity/Q459724","Q459724","Point(8.2730183 50.0046297)",49.998348236084,8.2694578170776,"Q459724"
"http://www.wikidata.org/entity/Q1391239","Q1391239","Point(8.34433 49.6334)",49.6334,8.34433,"Q1391239"
"http://www.wikidata.org/entity/Q1622125","Q1622125","Point(8.44600139 49.48054889)",49.48054889,8.44600139,"Q1622125"
"http://www.wikidata.org/entity/Q872180","Q872180","Point(8.25329 49.99717)",49.99717,8.25329,"Q872180"
"http://www.wikidata.org/entity/Q1792452","Q1792452","Point(8.25161 49.9985)",49.9985,8.25161,"Q1792452"
"http://www.wikidata.org/entity/Q1622203","Q1622203","Point(8.23666667 49.99333333)",49.99333333,8.23666667,"Q1622203"
"http://www.wikidata.org/entity/Q678965","Q678965","Point(7.75306 49.4239)",49.4239,7.75306,"Q678965"
"http://www.wikidata.org/entity/Q161982","Universitat de Magúncia Johannes Gutenberg","Point(8.241666666 49.993055555)",49.993055555556,8.2416666666667,"Q161982"
"http://www.wikidata.org/entity/Q1619104","Q1619104","Point(7.6276014 50.4015241)",50.4015241,7.6276014,"Q1619104"
"http://www.wikidata.org/entity/Q448590","Q448590","Point(7.5592489 50.3632638)",49.204444,8.108611,"Q448590"
"http://www.wikidata.org/entity/Q22963","Q22963","Point(8.41630833 49.31641389)",49.31641389,8.41630833,"Q22963"
"http://www.wikidata.org/entity/Q702486","Universitat de Trèveris","Point(6.687777777 49.7475)",49.7475,6.6877777777778,"Q702486"
"http://www.wikidata.org/entity/Q316595","Q316595","Point(7.61350639 50.40032528)",50.40032528,7.61350639,"Q316595"
"http://www.wikidata.org/entity/Q1452048","Q1452048","Point(7.047916 49.258171)",49.258171,7.047916,"Q1452048"
"http://www.wikidata.org/entity/Q879857","Q879857","Point(6.899166666 49.530277777)",49.530277777778,6.8991666666667,"Q879857"
"http://www.wikidata.org/entity/Q1565090","Q1565090","Point(7.04 49.2567)",49.256834,7.040171,"Q1565090"
"http://www.wikidata.org/entity/Q881238","Q881238","Point(7.04629 49.25752)",49.25752,7.04629,"Q881238"
"http://www.wikidata.org/entity/Q565400","Q565400","Point(7.045555555 49.257777777)",49.257777777778,7.0455555555556,"Q565400"
"http://www.wikidata.org/entity/Q1622149","Q1622149","Point(6.98519 49.2327)",49.2327,6.98519,"Q1622149"
"http://www.wikidata.org/entity/Q1487242","Q1487242","Point(6.99783 49.2303)",49.2303,6.99783,"Q1487242"
"http://www.wikidata.org/entity/Q1391274","Q1391274","Point(7.0380585 49.3440644)",49.3440644,7.0380585,"Q1391274"
"http://www.wikidata.org/entity/Q700758","Universitat del Sarre","Point(7.04166667 49.25555556)",49.25555556,7.04166667,"Q700758"
"http://www.wikidata.org/entity/Q1452000","Q1452000","Point(12.9243 50.816)",50.816,12.9243,"Q1452000"
"http://www.wikidata.org/entity/Q1451998","Q1451998","Point(13.7814 51.0298)",51.0298,13.7814,"Q1451998"
"http://www.wikidata.org/entity/Q1452015","Q1452015","Point(13.78068 51.02912)",51.02912,13.78068,"Q1452015"
"http://www.wikidata.org/entity/Q1452041","Q1452041","Point(13.736 51.0272)",51.0272,13.736,"Q1452041"
"http://www.wikidata.org/entity/Q1452043","Q1452043","Point(13.7805 51.03)",51.03,13.7805,"Q1452043"
"http://www.wikidata.org/entity/Q1452042","Q1452042","Point(12.9252 50.8134)",50.8134,12.9252,"Q1452042"
"http://www.wikidata.org/entity/Q1313270","Q1313270","Point(12.395507 51.3188727)",51.3188727,12.395507,"Q1313270"
"http://www.wikidata.org/entity/Q883545","Q883545","Point(13.9497 51.0636)",51.0636,13.9497,"Q883545"
"http://www.wikidata.org/entity/Q880999","Q880999","Point(12.4288 51.3521)",51.3521,12.4288,"Q880999"
"http://www.wikidata.org/entity/Q1470119","Q1470119","Point(12.38678455 51.33547823)",51.33547823,12.38678455,"Q1470119"
"http://www.wikidata.org/entity/Q835883","Q835883","Point(13.7244 51.0261)",51.0261,13.7244,"Q835883"
"http://www.wikidata.org/entity/Q1813774","Q1813774","Point(13.74828 51.0313)",51.0313,13.74828,"Q1813774"
"http://www.wikidata.org/entity/Q1813759","Q1813759","Point(12.4335 51.3526)",51.351767,12.431812,"Q1813759"
"http://www.wikidata.org/entity/Q1739877","Q1739877","Point(13.724106 51.041797)",51.041797,13.724106,"Q1739877"
"http://www.wikidata.org/entity/Q1813740","Q1813740","Point(12.47194 51.34663)",51.34663,12.47194,"Q1813740"
"http://www.wikidata.org/entity/Q1607075","Q1607075","Point(12.433714 51.352044)",51.352044,12.433714,"Q1607075"
"http://www.wikidata.org/entity/Q257792","Q257792","Point(12.3887 51.3347)",51.3347,12.3887,"Q257792"
"http://www.wikidata.org/entity/Q1912059","Q1912059","Point(13.7186 51.0264)",51.0264,13.7186,"Q1912059"
"http://www.wikidata.org/entity/Q682926","Institut Max Planck d'Antropologia Evolutiva","Point(12.394444444 51.320555555)",51.320555555556,12.394444444444,"Q682926"
"http://www.wikidata.org/entity/Q317361","Q317361","Point(13.7846 51.0586)",51.0586,13.7846,"Q317361"
"http://www.wikidata.org/entity/Q1912086","Q1912086","Point(13.716944 51.026667)",51.026667,13.716944,"Q1912086"
"http://www.wikidata.org/entity/Q1622222","Q1622222","Point(13.87443 51.00992)",51.00992,13.87443,"Q1622222"
"http://www.wikidata.org/entity/Q1622216","Q1622216","Point(12.3725 51.3142)",51.3142,12.3725,"Q1622216"
"http://www.wikidata.org/entity/Q1380226","Q1380226","Point(13.76067694 51.05220611)",51.05220611,13.76067694,"Q1380226"
"http://www.wikidata.org/entity/Q1391187","Q1391187","Point(13.788 51.0273)",51.0273,13.788,"Q1391187"
"http://www.wikidata.org/entity/Q464752","Q464752","Point(13.74244444 51.05284167)",51.05284167,13.74244444,"Q464752"
"http://www.wikidata.org/entity/Q468181","Escola de Música Carl Maria von Weber","Point(13.724863 51.054224)",51.054224,13.724863,"Q468181"
"http://www.wikidata.org/entity/Q1622226","Q1622226","Point(12.376044 51.31285)",51.31285,12.376044,"Q1622226"
"http://www.wikidata.org/entity/Q312578","Conservatori de Leipzig","Point(12.3681 51.3333)",51.3333,12.3681,"Q312578"
"http://www.wikidata.org/entity/Q202952","Q202952","Point(12.970889 50.988149)",50.988149,12.970889,"Q202952"
"http://www.wikidata.org/entity/Q1380217","Q1380217","Point(13.7993 51.0575)",51.0575,13.7993,"Q1380217"
"http://www.wikidata.org/entity/Q2048456","Q2048456","Point(13.771 51.029)",51.029,13.771,"Q2048456"
"http://www.wikidata.org/entity/Q1509323","Q1509323","Point(14.9612354 51.3596955)",51.3596955,14.9612354,"Q1509323"
"http://www.wikidata.org/entity/Q154804","Universitat de Leipzig","Point(12.378727777 51.3387)",51.3387,12.378727777778,"Q154804"
"http://www.wikidata.org/entity/Q159630","Q159630","Point(12.9275 50.83917)",50.83917,12.9275,"Q159630"
"http://www.wikidata.org/entity/Q158158","Universitat Tècnica de Dresden","Point(13.726666666 51.028055555)",51.028055555556,13.726666666667,"Q158158"
"http://www.wikidata.org/entity/Q689854","Universitat de Freiberg","Point(13.3408 50.9181)",50.9181,13.3408,"Q689854"
"http://www.wikidata.org/entity/Q1452005","Q1452005","Point(11.65197 52.13924)",52.13924,11.65197,"Q1452005"
"http://www.wikidata.org/entity/Q21997375","Q21997375","Point(11.939472222 51.494555555)",51.494555555556,11.939472222222,"Q21997375"
"http://www.wikidata.org/entity/Q832219","Q832219","Point(11.938046 51.494962)",51.494962,11.938046,"Q832219"
"http://www.wikidata.org/entity/Q1522976","Q1522976","Point(11.9447 51.4958)",51.495883,11.943814,"Q1522976"
"http://www.wikidata.org/entity/Q1354858","Q1354858","Point(11.2752 51.8268)",51.8268,11.2752,"Q1354858"
"http://www.wikidata.org/entity/Q1665047","Q1665047","Point(11.9716 51.4811)",51.4811,11.9716,"Q1665047"
"http://www.wikidata.org/entity/Q1813753","Q1813753","Point(11.6123 52.1016)",52.1016,11.6123,"Q1813753"
"http://www.wikidata.org/entity/Q1636610","Q1636610","Point(11.95952 51.49695)",51.49695,11.95952,"Q1636610"
"http://www.wikidata.org/entity/Q1912088","Q1912088","Point(11.9414 51.4953)",51.4953,11.9414,"Q1912088"
"http://www.wikidata.org/entity/Q1438623","Q1438623","Point(11.65275 52.138638888)",52.138638888889,11.65275,"Q1438623"
"http://www.wikidata.org/entity/Q1622074","Q1622074","Point(11.70917278 51.82358111)",51.82358111,11.70917278,"Q1622074"
"http://www.wikidata.org/entity/Q1011953","Q1011953","Point(11.9549 51.5027)",51.5027,11.9549,"Q1011953"
"http://www.wikidata.org/entity/Q1380222","Q1380222","Point(11.9665376 51.484755)",51.484755,11.9665376,"Q1380222"
"http://www.wikidata.org/entity/Q1622105","Q1622105","Point(10.76024056 51.8266825)",51.8266825,10.76024056,"Q1622105"
"http://www.wikidata.org/entity/Q1622126","Q1622126","Point(11.97799389 51.34458417)",51.34458417,11.97799389,"Q1622126"
"http://www.wikidata.org/entity/Q538520","Q538520","Point(11.9842 52.2117)",52.2117,11.9842,"Q538520"
"http://www.wikidata.org/entity/Q32120","Universitat de Halle","Point(11.96888889 51.48638889)",51.48638889,11.96888889,"Q32120"
"http://www.wikidata.org/entity/Q17321716","Q17321716","Point(10.7006 53.83596)",53.83596,10.7006,"Q17321716"
"http://www.wikidata.org/entity/Q1366559","Q1366559","Point(9.48278 53.9572)",53.9572,9.48278,"Q1366559"
"http://www.wikidata.org/entity/Q323945","Q323945","Point(10.18185 54.32723)",54.32723,10.18185,"Q323945"
"http://www.wikidata.org/entity/Q1290544","Q1290544","Point(10.42638889 53.40444444)",53.40444444,10.42638889,"Q1290544"
"http://www.wikidata.org/entity/Q1438161","Q1438161","Point(10.1967 53.82)",53.82,10.1967,"Q1438161"
"http://www.wikidata.org/entity/Q317179","ZBW - Centre Leibniz d'Informació Econòmica","Point(10.156111 54.338333)",54.338333,10.156111,"Q317179"
"http://www.wikidata.org/entity/Q1493545","Q1493545","Point(10.43388889 54.16)",54.16,10.43388889,"Q1493545"
"http://www.wikidata.org/entity/Q1305888","Escola d'Art Muthesius","Point(10.1414 54.3272)",54.3272,10.1414,"Q1305888"
"http://www.wikidata.org/entity/Q1391201","Q1391201","Point(10.1803 54.3328)",54.3328,10.1803,"Q1391201"
"http://www.wikidata.org/entity/Q976984","Q976984","Point(9.72889 53.5781)",53.5781,9.72889,"Q976984"
"http://www.wikidata.org/entity/Q1391235","Q1391235","Point(9.121706 54.195439)",54.195439,9.121706,"Q1391235"
"http://www.wikidata.org/entity/Q328274","Q328274","Point(9.450555555 54.774861111)",54.774861111111,9.4505555555556,"Q328274"
"http://www.wikidata.org/entity/Q513622","Q513622","Point(10.6814 53.8647)",53.8647,10.6814,"Q513622"
"http://www.wikidata.org/entity/Q1379386","Q1379386","Point(9.67166667 53.75388889)",53.75388889,9.67166667,"Q1379386"
"http://www.wikidata.org/entity/Q1391202","Q1391202","Point(10.69861111 53.83694444)",53.83694444,10.69861111,"Q1391202"
"http://www.wikidata.org/entity/Q156737","Universitat Christian Albrecht de Kiel","Point(10.1225 54.338888888)",54.338888888889,10.1225,"Q156737"
"http://www.wikidata.org/entity/Q2496401","Q2496401","Point(10.705985 53.837445)",54.3300361,10.1431498,"Q2496401"
"http://www.wikidata.org/entity/Q317087","Universitat de Lübeck","Point(10.7058 53.8369)",53.8369,10.7058,"Q317087"
"http://www.wikidata.org/entity/Q1451997","Q1451997","Point(10.9322 50.6836)",50.6836,10.9322,"Q1451997"
"http://www.wikidata.org/entity/Q1451992","Q1451992","Point(11.5678 50.9085)",50.9085,11.5678,"Q1451992"
"http://www.wikidata.org/entity/Q1603236","Q1603236","Point(11.580742 50.934542)",50.934542,11.580742,"Q1603236"
"http://www.wikidata.org/entity/Q1743407","Q1743407","Point(11.5718 50.9083)",50.9083,11.5718,"Q1743407"
"http://www.wikidata.org/entity/Q30281702","Q30281702","Point(11.572788 50.909301)",50.909301,11.572788,"Q30281702"
"http://www.wikidata.org/entity/Q1664946","Q1664946","Point(11.5673 50.9093)",50.9093,11.5673,"Q1664946"
"http://www.wikidata.org/entity/Q1511732","Q1511732","Point(11.578056 50.9175)",50.9175,11.578056,"Q1511732"
"http://www.wikidata.org/entity/Q1356982","Q1356982","Point(11.569021 50.918527)",50.9189,11.5692,"Q1356982"
"http://www.wikidata.org/entity/Q1391189","Q1391189","Point(11.0424 50.9841)",50.9841,11.0424,"Q1391189"
"http://www.wikidata.org/entity/Q2207696","Q2207696","Point(12.07218306 50.88075944)",50.88075944,12.07218306,"Q2207696"
"http://www.wikidata.org/entity/Q536163","Escola Superior de Música Franz Liszt","Point(11.33154 50.97832)",50.97832,11.33154,"Q536163"
"http://www.wikidata.org/entity/Q1391209","Q1391209","Point(10.8098 51.4971)",51.4971,10.8098,"Q1391209"
"http://www.wikidata.org/entity/Q129195","Q129195","Point(10.93889 50.68167)",50.68167,10.93889,"Q129195"
"http://www.wikidata.org/entity/Q702524","Universitat d'Erfurt","Point(11.0108 50.9914)",50.9914,11.0108,"Q702524"
"http://www.wikidata.org/entity/Q154561","Universitat de Jena","Point(11.582222222 50.928333333)",50.928333333333,11.582222222222,"Q154561"
"http://www.wikidata.org/entity/Q573975","Universitat Bauhaus a Weimar","Point(11.3291 50.9745)",50.9745,11.3291,"Q573975"
